testcase,cameratype,upnp,upnpname,upnpfwd,fwdmode,externalhttps,externalrtsp,bonjour,bonjourname,ddns,ddnsserver,ddnsuser,ddnspassword,ddnshost,ddnsupdate,mxdns,mxdnshost,mxdnsport,dot1x,eapmethod,dot1xuser,dot1xpassword,dot1xconfirmpassword
tc02_upnp_default,2mp|5mp|8mp,true,GANZ-CAMERA,false,auto,443,554,true,GANZ-CAMERA,,,,,,,,,,,,,,
tc05_ddns_default,2mp|5mp|8mp,,,,,,,,,false,,,,,60,,,,,,,,
tc08_mxdns_default,2mp|5mp|8mp,,,,,,,,,,,,,,,false,,,,,,,
tc10_dot1x_default,2mp|5mp|8mp,,,,,,,,,,,,,,,,,,false,,,,
,,,,,,,,,,,,,,,,,,,,,,,
,,,,,,,,,,,,,,,,,,,,,,,
,,,,,,,,,,,,,,,,,,,,,,,
,,,,,,,,,,,,,,,,,,,,,,,
,,,,,,,,,,,,,,,,,,,,,,,
,,,,,,,,,,,,,,,,,,,,,,,
,,,,,,,,,,,,,,,,,,,,,,,
,,,,,,,,,,,,,,,,,,,,,,,
,,,,,,,,,,,,,,,,,,,,,,,
,,,,,,,,,,,,,,,,,,,,,,,
,,,,,,,,,,,,,,,,,,,,,,,
,,,,,,,,,,,,,,,,,,,,,,,
,,,,,,,,,,,,,,,,,,,,,,,
,,,,,,,,,,,,,,,,,,,,,,,
,,,,,,,,,,,,,,,,,,,,,,,
,,,,,,,,,,,,,,,,,,,,,,,
,,,,,,,,,,,,,,,,,,,,,,,
,,,,,,,,,,,,,,,,,,,,,,,
,2mp|5mp|8mp,,,,,,,,,,,,,,,,,,,,,,
